precision,accuracy,error,recall,duration
0.07516339869281045,0.3006535947712418,0.6993464052287581,0.25,0.0
