accuracy,loss,val_accuracy,val_loss,learning_rate
0.4864864945411682,1.173111915588379,0.3006536066532135,1.388636589050293,0.0010000000474974513
