precision,accuracy,error,recall,duration
0.07679738562091504,0.30718954248366015,0.6928104575163399,0.25,0.0
