accuracy,loss,val_accuracy,val_loss,learning_rate
0.3125,1.5923314094543457,0.30718955397605896,1.3754059076309204,0.0010000000474974513
