accuracy,loss,val_accuracy,val_loss,learning_rate
0.550000011920929,1.0250322818756104,0.5,0.6945936679840088,0.0010000000474974513
