accuracy,loss,val_accuracy,val_loss,learning_rate
0.699999988079071,0.5795403718948364,0.6499999761581421,0.6718379259109497,0.0010000000474974513
