accuracy,loss,val_accuracy,val_loss,learning_rate
0.44999998807907104,0.6540800333023071,0.5,0.6936483383178711,0.0010000000474974513
