accuracy,loss,val_accuracy,val_loss,learning_rate
0.38333332538604736,1.1557369232177734,0.3333333432674408,1.1008700132369995,0.0010000000474974513
