precision,accuracy,error,recall,duration
0.1111111111111111,0.3333333333333333,0.6666666666666667,0.3333333333333333,0.0
