accuracy,loss,val_accuracy,val_loss,learning_rate
0.30000001192092896,1.1824191808700562,0.3333333432674408,1.101309895515442,0.0010000000474974513
