accuracy,loss,val_accuracy,val_loss,learning_rate
0.4000000059604645,0.919086754322052,0.5,0.6927539110183716,0.0010000000474974513
