precision,accuracy,error,recall,duration
0.7544929396662388,0.5853658536585366,0.41463414634146345,0.5877193455785543,0.0
