accuracy,loss,val_accuracy,val_loss,learning_rate
0.7321428656578064,0.5538889169692993,0.5853658318519592,0.6653003096580505,0.0010000000474974513
