precision,accuracy,error,recall,duration
0.4076923076923077,0.8153846153846154,0.18461538461538463,0.5,0.0
