accuracy,loss,val_accuracy,val_loss,learning_rate
0.8333333134651184,0.4646979570388794,0.8153846263885498,0.4798412024974823,0.0010000000474974513
