precision,accuracy,error,recall,duration
0.7013639281129653,0.6742756804214223,0.3257243195785777,0.6741143279992601,0.0
