accuracy,loss,val_accuracy,val_loss,learning_rate
0.52173912525177,0.8228942155838013,0.6742756962776184,0.6871842741966248,0.0010000000474974513
