precision,accuracy,error,recall,duration
0.7871352785145889,0.627177700348432,0.372822299651568,0.625,0.0
