accuracy,loss,val_accuracy,val_loss,learning_rate
0.5652173757553101,0.5971590280532837,0.6271777153015137,0.673992395401001,0.0010000000474974513
